timestamps,,,,,
1752699.050,199.707,-606.445,-20.996,526.367,-47.363
1752699.055,427.734,-481.934,-6.836,999.512,830.566
1752699.060,-145.020,-471.191,-10.254,-308.594,180.664
1752699.064,-508.301,-978.516,-31.250,-1000.000,-717.285
1752699.069,-22.949,-832.031,-23.926,-12.207,-280.762
1752699.074,431.152,480.469,0.977,999.512,377.441
1752699.078,106.445,406.250,-6.348,400.879,229.980
1752699.083,-474.609,-864.746,-22.949,-1000.000,-487.793
1752699.053,-222.168,-1000.000,-22.461,-674.316,-416.992
1752699.057,397.949,188.477,-9.277,902.344,317.383
1752699.061,264.648,936.523,-7.812,885.742,262.207
1752699.064,-437.988,-513.672,-20.996,-789.062,-431.152
1752699.050,199.707,-606.445,-20.996,526.367,-47.363
1752699.055,427.734,-481.934,-6.836,999.512,830.566
1752699.060,-145.020,-471.191,-10.254,-308.594,180.664
1752699.064,-508.301,-978.516,-31.250,-1000.000,-717.285
1752699.069,-22.949,-832.031,-23.926,-12.207,-280.762
1752699.074,431.152,480.469,0.977,999.512,377.441
1752699.078,106.445,406.250,-6.348,400.879,229.980
1752699.083,-474.609,-864.746,-22.949,-1000.000,-487.793
1752699.053,-222.168,-1000.000,-22.461,-674.316,-416.992
1752699.057,397.949,188.477,-9.277,902.344,317.383
1752699.061,264.648,936.523,-7.812,885.742,262.207
1752699.064,-437.988,-513.672,-20.996,-789.062,-431.152
1752699.068,-393.066,-1000.000,-21.973,-997.559,-618.164
1752699.072,322.266,310.547,-3.906,700.195,132.812
1752699.076,404.785,999.512,5.371,999.512,661.621
1752699.079,-273.926,-69.336,-7.812,-603.027,68.848
1752699.083,-455.078,-1000.000,-10.742,-1000.000,-522.461
1752699.087,176.758,-541.016,14.648,434.082,-146.973
1752699.090,456.055,645.020,22.949,999.512,462.891
1752699.094,-73.730,247.559,-7.324,-122.559,271.484
1752699.098,-501.465,-1000.000,-27.344,-1000.000,-206.543
1752699.101,-82.520,-638.672,-11.719,-208.008,-218.262
1752699.105,401.855,870.605,4.883,999.512,339.844
1752699.109,151.855,649.414,-8.789,576.172,390.625
1752699.112,-457.520,-875.488,-30.273,-954.102,-356.445
1752699.116,-270.508,-1000.000,-23.926,-808.594,-423.340
1752699.120,402.832,567.871,-5.859,834.473,288.086
1752699.123,337.402,746.094,1.465,946.289,740.234
1752699.149,-415.039,-823.242,-17.090,-746.094,186.035
1752699.152,-449.707,-1000.000,-33.203,-1000.000,-355.957
1752699.155,279.297,-138.672,-15.137,646.973,112.793
1752699.158,421.875,476.074,-5.859,999.512,647.461
1752699.161,-233.887,-105.469,-23.926,-527.832,85.449
1752699.164,-491.699,-957.031,-29.297,-1000.000,-662.598
1752699.167,89.844,-491.211,-11.719,293.457,-325.195
1752699.170,438.477,136.719,-0.977,999.512,505.371
1752699.173,-9.277,208.008,-19.531,81.543,401.855
1752699.176,-501.465,-740.723,-23.926,-1000.000,-497.070
1752699.179,-141.602,-958.496,-9.766,-391.113,-420.898
1752699.182,417.480,-265.625,-6.836,999.512,520.508
1752699.185,203.125,280.762,-9.277,717.773,470.215
1752699.188,-453.613,-585.449,-23.926,-882.812,-470.215
1752699.191,-304.688,-1000.000,-16.602,-905.273,-496.582
1752699.194,395.996,-589.355,9.766,777.344,481.445
1752699.196,383.301,584.961,1.465,989.258,668.457
1752699.199,-347.656,-48.828,-26.367,-703.125,-94.727
1752699.202,-448.730,-1000.000,-22.949,-1000.000,-527.832
1752699.205,229.492,101.074,4.395,582.031,28.809
1752699.205,403.320,999.512,15.137,999.512,501.953
1752699.209,-204.590,44.434,-3.906,-404.297,83.984
1752699.213,-498.535,-1000.000,-21.973,-1000.000,-382.324
1752699.216,32.715,-502.441,-10.742,137.207,-88.379
1752699.220,426.758,909.668,6.348,999.512,357.422
1752699.224,48.340,525.879,3.906,198.242,268.555
1752699.228,-490.234,-951.172,-17.578,-1000.000,-247.559
1752699.232,-203.125,-789.062,-17.578,-566.895,-264.160
1752699.235,386.230,788.574,0.000,941.406,256.836
1752699.239,230.469,942.871,-5.371,834.473,391.602
1752699.243,-429.688,-703.613,-14.648,-822.754,-250.977
1752699.247,-351.074,-1000.000,-9.277,-969.727,-446.289
1752699.251,350.098,508.789,-1.953,729.004,153.320
1752699.255,400.391,995.117,-1.953,999.512,412.598
1752699.258,-308.105,-601.074,-9.766,-645.996,-53.711
1752699.262,-466.797,-1000.000,-15.625,-1000.000,-575.195
1752699.266,183.594,31.738,-5.859,502.930,-138.184
1752699.270,449.707,831.543,4.883,999.512,546.387
1752699.274,-98.633,-237.305,-10.742,-239.746,256.836
1752699.277,-492.676,-1000.000,-23.926,-1000.000,-535.156
1752699.294,-41.504,-490.234,-8.301,-76.172,-336.426
1752699.297,422.363,614.258,0.000,999.512,419.434
1752699.301,125.977,251.465,-8.789,458.984,438.965
1752699.305,-476.562,-871.094,-25.391,-1000.000,-433.594
1752699.309,-249.023,-958.496,-26.855,-726.562,-583.496
1752699.312,369.141,1.465,-14.648,876.953,426.758
1752699.316,269.043,396.484,-13.672,912.598,778.320
1752699.320,-423.828,-489.746,-20.020,-773.438,-88.379
1752699.324,-409.180,-1000.000,-12.207,-1000.000,-535.645
1752699.327,312.012,-465.820,1.953,685.059,234.863
1752699.331,397.949,176.758,-6.836,999.512,632.812
1752699.335,-298.828,-231.445,-33.691,-579.590,-214.844
1752699.339,-503.906,-1000.000,-34.180,-1000.000,-792.480
1752699.343,121.582,-857.910,-1.465,390.137,-160.645
1752699.346,427.246,618.652,11.230,999.512,433.594
1752699.350,-62.500,603.027,-9.766,-56.152,127.930
1752699.354,-497.070,-967.285,-26.367,-1000.000,-479.980
1752699.358,-96.680,-700.195,-17.090,-276.367,-314.453
1752699.361,411.621,863.281,5.371,999.512,438.965
1752699.365,173.340,854.004,-2.930,624.023,322.754
1752699.377,-454.590,-726.562,-31.250,-932.129,-483.398
1752699.381,-299.805,-1000.000,-30.273,-851.562,-515.625
1752699.386,372.070,185.059,-14.648,809.570,274.902
1752699.390,329.590,688.965,-2.441,961.914,475.586
1752699.395,-390.137,-625.000,-24.414,-735.352,-286.621
1752699.399,-427.246,-1000.000,-39.551,-1000.000,-386.230
1752699.404,282.227,113.281,-10.254,627.930,177.246
1752699.408,440.430,999.512,10.742,999.512,322.266
1752699.413,-195.801,-28.809,-4.883,-479.004,6.836
1752699.417,-487.305,-1000.000,-33.203,-1000.000,-488.281
1752699.422,54.688,-400.391,-29.785,234.863,-250.488
1752699.426,413.574,939.453,-7.324,999.512,398.926
1752699.431,6.348,181.641,-10.742,151.367,312.012
1752699.435,-486.328,-1000.000,-22.949,-1000.000,-421.875
1752699.440,-157.715,-860.840,-11.719,-454.102,-519.531
1752699.444,408.203,578.125,9.277,996.582,263.184
1752699.449,221.191,317.383,1.953,768.555,576.660
1752699.453,-450.684,-1000.000,-26.367,-857.910,-235.352
1752699.458,-330.566,-947.266,-18.555,-931.641,-585.938
1752699.463,369.629,221.191,9.766,761.230,270.996
1752699.443,368.164,323.242,4.395,999.512,753.418
1752699.446,-358.398,-649.414,-26.855,-689.453,-73.730
1752699.448,-452.148,-1000.000,-27.344,-1000.000,-678.711
1752699.451,250.488,-100.098,-0.488,558.594,-75.684
1752699.453,448.242,887.695,18.066,999.512,544.434
1752699.456,-152.832,70.312,7.324,-345.703,285.156
1752699.459,-520.020,-986.816,-8.789,-1000.000,-347.656
1752699.461,-40.039,-838.379,0.000,45.898,-155.762
1752699.464,396.973,-236.816,5.859,999.512,640.625
1752699.466,54.199,445.312,5.371,343.262,490.723
1752699.469,-498.047,-679.199,-5.859,-1000.000,-409.180
1752699.471,-222.656,-1000.000,-11.230,-619.629,-405.762
1752699.474,380.859,529.785,3.418,930.176,327.637
1752699.476,255.859,968.262,4.395,864.258,597.656
1752699.479,-433.105,-446.777,-18.555,-802.734,-3.906
1752699.482,-372.559,-1000.000,-17.578,-979.980,-334.473
1752699.484,341.797,26.367,2.930,721.191,293.457
1752699.487,393.555,967.285,6.348,999.512,693.359
1752699.489,-302.734,-268.555,-7.812,-625.000,43.457
1752699.492,-468.750,-1000.000,-22.949,-1000.000,-388.672
1752699.520,164.062,-262.695,-16.602,469.727,61.035
1752699.524,426.270,996.582,1.953,999.512,431.152
1752699.528,-89.844,495.605,-7.324,-181.152,177.246
1752699.532,-489.258,-963.867,-23.926,-1000.000,-449.219
1752699.535,-57.129,-581.055,-15.625,-150.391,-255.859
1752699.539,414.551,920.410,-2.930,999.512,406.250
1752699.543,124.512,667.969,-11.230,524.902,457.520
1752699.547,-483.398,-853.027,-23.438,-979.004,-182.617
1752699.550,-282.715,-980.957,-10.254,-771.484,-489.746
1752699.554,375.977,339.355,12.695,853.516,169.434
1752699.558,302.246,614.258,14.160,930.664,486.328
1752699.562,-407.227,-762.207,-6.836,-759.766,-48.828
1752699.565,-411.133,-1000.000,-13.672,-1000.000,-430.664
1752699.569,294.434,327.637,0.000,671.387,122.559
1752699.573,418.457,999.512,10.742,999.512,611.816
1752699.577,-242.188,19.043,-6.348,-547.852,149.902
1752699.580,-454.102,-1000.000,-22.949,-1000.000,-374.023
1752699.584,123.535,-522.949,-5.859,366.699,-57.617
1752699.588,450.684,326.172,16.113,999.512,421.875
1752699.592,5.371,-26.367,8.789,22.949,225.098
1752699.599,-480.957,-947.754,-20.996,-1000.000,-430.176
1752699.603,-117.188,-822.266,-20.996,-258.301,-323.730
1752699.608,415.527,-69.336,-5.371,999.512,653.320
1752699.612,181.152,-144.531,-7.324,661.621,739.746
1752699.617,-457.031,-806.152,-10.254,-899.414,-411.133
1752699.621,-286.621,-1000.000,-3.418,-879.395,-595.215
1752699.626,403.320,-230.957,2.930,794.922,207.031
1752699.630,346.191,820.801,-2.441,974.609,443.848
1752699.635,-385.742,-145.020,-24.414,-720.215,-186.035
1752699.639,-438.477,-1000.000,-25.879,-1000.000,-741.211
1752699.644,261.719,-165.527,-4.395,606.445,-139.160
1752699.648,434.082,999.512,2.930,999.512,508.789
1752699.653,-190.430,290.527,-9.277,-445.801,137.207
1752699.657,-493.652,-1000.000,-21.973,-1000.000,-371.094
1752699.662,55.176,-759.277,-14.648,185.059,36.621
1752699.666,444.336,620.117,-0.977,999.512,494.141
1752699.671,38.574,507.812,-4.395,215.332,239.746
1752699.676,-487.305,-959.473,-13.672,-1000.000,-472.656
1752699.680,-166.504,-875.977,-7.324,-507.324,-369.141
1752699.685,405.762,685.547,-0.488,975.098,250.977
1752699.682,184.082,798.340,-16.113,699.219,327.148
1752699.686,-459.961,-769.043,-36.621,-873.047,-235.840
1752699.690,-337.402,-1000.000,-26.367,-936.523,-525.879
1752699.693,350.586,454.102,-0.488,736.328,78.125
1752699.697,370.605,999.512,-3.906,999.512,388.184
1752699.701,-338.867,-516.113,-31.250,-668.457,-43.945
1752699.704,-462.891,-1000.000,-35.645,-1000.000,-389.648
1752699.708,199.219,25.391,-11.719,526.367,-93.750
1752699.712,433.594,946.289,1.465,999.512,363.770
1752699.715,-112.305,-293.945,-10.742,-291.504,151.855
1752699.719,-484.863,-1000.000,-20.996,-1000.000,-524.414
1752699.723,-27.832,-546.387,-8.301,-16.602,-274.414
1752699.726,414.551,739.258,6.348,999.512,615.234
1752699.730,90.332,294.922,1.953,406.738,541.504
1752699.734,-487.793,-976.562,-14.160,-1000.000,-374.512
1752699.737,-232.422,-884.766,-9.277,-678.711,-601.074
1752699.741,395.020,601.074,0.000,900.879,325.195
1752699.745,269.531,795.410,-8.301,889.160,710.938
1752699.748,-426.270,-762.695,-26.855,-787.598,-182.617
1752699.752,-387.207,-1000.000,-27.344,-996.582,-640.137
1752699.767,324.219,6.836,-8.301,701.172,155.273
1752699.768,385.742,378.418,3.906,999.512,699.707
1752699.770,-292.969,-301.270,-1.953,-600.586,-109.375
1752699.772,-470.703,-1000.000,-2.930,-1000.000,-774.414
1752699.773,149.414,-662.109,1.953,429.199,-202.148
1752699.775,444.824,185.059,4.883,999.512,503.418
1752699.777,-60.547,20.996,-5.859,-102.051,257.324
1752699.778,-495.117,-924.316,-22.949,-1000.000,-541.504
1752699.780,-83.496,-1000.000,-10.742,-204.590,-259.277
1752699.782,417.480,-674.805,12.207,999.512,729.492
1752699.783,153.320,-68.848,7.324,578.613,404.297
1752699.785,-474.609,-798.340,-13.672,-951.660,-573.242
1752699.787,-274.414,-1000.000,-8.789,-803.711,-534.180
1752699.788,393.555,490.723,16.602,837.891,246.094
1752699.790,334.961,999.512,14.160,944.336,546.387
1752699.791,-373.535,-390.137,-8.789,-747.070,-176.270
1752699.793,-406.250,-1000.000,-15.137,-1000.000,-711.914
1752699.795,289.062,211.426,0.488,645.996,-12.207
1752699.796,409.668,999.512,12.695,999.512,480.469
1752699.798,-242.188,-12.207,-10.742,-518.066,-107.910
1752699.835,-505.859,-1000.000,-34.180,-1000.000,-665.039
1752699.839,70.312,-554.199,-11.719,289.062,-244.629
1752699.843,430.664,653.320,9.766,999.512,566.406
1752699.846,7.324,259.766,-11.719,88.379,446.777
1752699.850,-470.215,-1000.000,-27.832,-1000.000,-165.039
1752699.854,-134.277,-761.230,-10.742,-406.250,-238.770
1752699.858,414.062,782.227,9.277,999.512,302.246
1752699.862,204.102,825.684,1.465,722.656,524.414
1752699.865,-464.844,-772.949,-25.879,-880.859,-249.512
1752699.869,-334.961,-1000.000,-22.461,-910.156,-580.078
1752699.873,356.934,422.363,-3.418,773.438,71.777
1752699.877,344.727,678.711,-5.371,989.746,483.887
1752699.881,-369.629,-784.180,-21.484,-703.125,-182.129
1752699.884,-449.707,-1000.000,-36.133,-1000.000,-620.117
1752699.888,233.887,-97.168,-21.973,578.125,94.238
1752699.892,435.059,337.891,-4.395,999.512,774.414
1752699.896,-175.293,-619.141,-20.996,-394.531,436.523
1752699.900,-510.254,-1000.000,-42.480,-1000.000,-360.352
1752699.903,15.625,-442.383,-26.855,114.258,-128.418
1752699.907,423.340,340.820,-8.301,999.512,497.070
1752699.911,60.547,533.203,-18.555,280.762,312.988
1752699.915,-490.723,-724.121,-42.969,-1000.000,-538.574
1752699.918,-211.426,-1000.000,-35.156,-584.473,-602.539
1752699.922,393.555,432.617,-3.906,945.312,194.824
1752699.926,242.676,867.188,-0.977,835.938,417.969
1752699.930,-422.363,-578.613,-23.438,-820.801,-282.715
1752699.934,-358.887,-1000.000,-23.438,-971.680,-424.805
1752699.937,341.797,-654.785,-8.301,734.375,397.949
1752699.941,370.605,638.184,-5.371,999.512,575.684
1752699.945,-334.961,56.641,-20.508,-645.996,-104.980
1752699.949,-441.406,-1000.000,-30.273,-997.070,-529.297
1752699.953,191.895,-213.379,-14.648,531.738,64.941
1752699.956,425.781,929.199,-7.812,999.512,645.508
1752699.960,-108.887,196.289,-22.949,-231.934,278.320
1752699.964,-497.559,-1000.000,-39.551,-1000.000,-315.430
1752699.968,-52.246,-638.672,-26.367,-101.074,-141.602
1752699.972,403.809,842.773,-9.277,999.512,383.789
1752699.976,110.840,640.625,-15.625,461.914,354.980
1752699.979,-460.449,-883.789,-24.414,-1000.000,-91.309
1752699.983,-223.633,-1000.000,-21.973,-733.887,-154.785
1752700.007,399.414,526.367,-13.184,870.605,144.531
1752700.012,285.156,962.891,-17.090,914.062,327.637
1752700.018,-406.250,-643.555,-39.062,-772.949,-342.773
1752700.024,-400.879,-1000.000,-32.715,-1000.000,-680.176
1752700.030,312.012,253.418,-5.859,681.152,-62.012
1752700.036,414.062,971.191,-10.742,999.512,277.832
1752700.042,-259.277,-390.137,-31.250,-573.730,-148.438
1752700.048,-473.145,-1000.000,-30.273,-1000.000,-617.188
1752700.054,124.023,-149.414,-10.254,383.301,-194.824
1752700.060,441.406,604.004,-8.301,999.512,502.930
1752700.066,-37.598,-499.023,-27.832,-47.363,418.457
1752700.072,-492.188,-1000.000,-27.344,-1000.000,-486.328
1752700.078,-88.867,-645.996,-5.371,-291.016,-612.305
1752700.084,426.758,318.848,7.324,999.512,176.758
1752700.090,169.434,143.066,-8.301,622.070,501.953
1752700.096,-465.820,-858.887,-27.344,-934.082,-368.164
1752700.102,-292.480,-985.352,-19.043,-852.051,-600.586
1752700.108,391.602,-152.832,5.371,808.105,337.891
1752700.114,339.844,410.645,6.348,962.402,668.457
1752700.119,-383.301,-313.965,-25.391,-735.352,-60.059
1752700.074,-426.758,-1000.000,-41.504,-1000.000,-458.984
1752700.077,280.762,-520.020,-20.020,627.930,145.020
1752700.081,435.547,365.234,-8.301,999.512,508.789
1752700.084,-207.031,-218.750,-26.855,-482.422,34.668
1752700.087,-495.117,-1000.000,-33.203,-1000.000,-499.023
1752700.091,64.453,-1000.000,-10.254,233.398,-127.930
1752700.094,425.781,-127.930,4.883,999.512,471.680
1752700.098,8.789,519.043,-1.953,151.855,139.160
1752700.101,-480.957,-848.145,-22.949,-1000.000,-540.527
1752700.104,-150.879,-873.047,-15.625,-475.586,-492.188
1752700.108,408.691,769.043,6.836,990.723,305.664
1752700.111,224.609,948.242,-5.371,770.508,375.488
1752700.115,-446.777,-647.949,-29.785,-866.699,-411.133
1752700.118,-327.637,-1000.000,-21.973,-925.293,-465.332
1752700.121,377.441,93.750,2.441,757.812,250.977
1752700.125,301.270,702.148,5.859,806.641,401.367
1752700.128,-360.840,-473.145,-12.207,-759.277,-305.664
1752700.131,-410.645,-1000.000,-16.113,-1000.000,-382.812
1752700.135,219.727,-26.855,0.000,535.156,164.062
1752700.138,434.082,999.512,2.441,999.512,413.574
1752700.150,-133.789,47.852,-18.555,-336.914,55.664
1752700.154,-487.793,-1000.000,-27.832,-1000.000,-505.859
1752700.158,3.418,-492.188,-8.301,38.574,-285.645
1752700.161,432.617,879.395,5.859,999.512,262.695
1752700.165,98.145,279.785,-7.324,364.258,236.328
1752700.169,-472.168,-1000.000,-23.926,-1000.000,-329.102
1752700.173,-216.309,-918.457,-18.555,-647.461,-377.930
1752700.176,407.227,356.445,-5.371,925.781,301.758
1752700.180,268.555,220.215,-2.441,862.793,476.074
1752700.184,-428.711,-1000.000,-14.648,-798.340,-217.285
1752700.188,-309.570,-866.699,-13.184,-794.922,-570.312
1752700.191,344.727,-53.223,8.789,785.156,-14.648
1752700.195,370.605,356.445,6.836,999.512,464.844
1752700.199,-302.246,-250.977,-19.531,-604.980,-83.496
1752700.203,-486.328,-1000.000,-24.414,-1000.000,-618.652
1752700.206,145.996,-219.727,-8.789,448.730,-47.363
1752700.210,415.039,875.977,-7.324,999.512,488.281
1752700.214,-96.191,155.273,-14.160,-171.875,126.953
1752700.218,-504.395,-978.516,-19.531,-1000.000,-564.453
1752700.221,-88.867,-831.055,-20.020,-174.316,-216.797
1752700.224,392.578,-319.336,-13.672,999.512,587.402
1752700.228,122.070,288.086,-8.789,533.203,294.434
1752700.232,-484.863,-679.199,-19.043,-986.328,-537.598
1752700.235,-271.973,-1000.000,-13.672,-770.996,-696.777
1752700.239,369.629,394.531,1.953,848.633,6.836
1752700.243,208.984,537.109,1.465,738.770,247.070
1752700.247,-443.359,-704.590,-17.578,-832.031,-252.441
1752700.250,-397.949,-1000.000,-29.785,-991.211,-391.113
1752700.254,292.480,-218.262,-8.789,646.484,383.789
1752700.258,411.621,901.855,-0.488,999.512,739.258
1752700.261,-242.188,-115.723,-13.672,-541.504,86.914
1752700.265,-462.891,-1000.000,-18.066,-1000.000,-254.395
1752700.269,101.074,-329.102,-2.930,325.684,239.258
1752700.272,422.363,996.582,4.883,999.512,565.430
1752700.276,-16.602,552.734,-12.207,37.598,154.785
1752700.280,-472.656,-944.336,-19.043,-1000.000,-470.215
1752700.283,-113.770,-727.539,0.488,-355.957,-297.363
1752700.287,401.367,853.516,11.230,999.512,344.727
1752700.291,181.152,825.195,0.977,685.547,328.613
1752700.294,-461.426,-764.160,-10.742,-900.391,-395.996
1752700.305,-306.641,-1000.000,-4.883,-888.184,-627.441
1752700.309,374.512,211.426,15.625,787.109,89.844
1752700.314,338.379,713.867,11.719,978.027,653.809
1752700.318,-367.676,-684.082,-17.578,-714.844,244.629
1752700.323,-442.871,-1000.000,-20.020,-1000.000,-423.828
1752700.328,251.953,115.723,-3.906,599.121,-89.355
1752700.332,434.082,999.512,4.395,999.512,541.992
1752700.337,-185.059,186.523,-11.230,-436.523,185.059
1752700.341,-467.285,-1000.000,-20.020,-1000.000,-581.055
1752700.346,52.734,-627.930,-8.789,178.223,-277.832
1752700.350,429.199,325.195,4.883,999.512,471.191
1752700.355,38.574,72.266,-6.836,235.840,297.852
1752700.359,-495.605,-863.770,-24.902,-1000.000,-614.746
1752700.364,-189.941,-974.609,-18.555,-529.297,-604.980
1752700.369,391.602,-217.285,-8.789,970.215,360.840
1752700.373,214.844,339.355,-21.484,806.641,522.461
1752700.378,-451.660,-544.434,-45.898,-834.961,-318.359
1752700.382,-346.191,-1000.000,-36.133,-957.031,-565.430
1752700.387,343.262,-483.887,-4.395,739.746,226.562
1752700.391,352.539,604.492,6.836,999.512,521.484
1752700.388,-350.098,-16.113,-5.859,-662.109,-150.879
1752700.392,-472.656,-1000.000,-9.766,-1000.000,-398.926
1752700.396,188.477,-343.262,3.418,520.508,250.000
1752700.400,419.434,986.816,2.930,999.512,688.477
1752700.403,-142.578,455.078,-17.090,-278.809,304.199
1752700.407,-507.324,-976.562,-28.809,-1000.000,-330.078
1752700.411,-33.203,-740.723,-12.207,-19.043,-24.902
1752700.414,402.832,790.527,4.883,999.512,537.109
1752700.418,90.820,825.684,-4.395,426.270,337.891
1752700.422,-477.051,-789.551,-26.367,-1000.000,-405.273
1752700.426,-238.281,-975.586,-14.648,-692.871,-513.184
1752700.429,386.719,520.508,3.418,893.555,237.305
1752700.433,272.461,854.004,-3.418,898.438,469.238
1752700.437,-409.668,-668.457,-27.832,-780.762,-152.832
1752700.441,-372.070,-1000.000,-30.273,-1000.000,-291.016
1752700.444,334.473,397.949,6.348,696.289,226.562
1752700.448,411.621,999.512,9.277,999.512,479.492
1752700.452,-270.508,-379.883,-23.438,-590.332,38.574
1752700.455,-470.703,-1000.000,-32.715,-1000.000,-533.691
1752700.459,129.395,-120.605,-8.789,410.156,-164.062
1752700.463,430.176,949.219,-0.488,999.512,446.777
1752700.467,-43.457,-136.719,-13.184,-75.684,317.871
1752700.471,-473.633,-1000.000,-22.949,-1000.000,-237.793
1752700.475,-82.520,-575.195,-13.672,-231.934,-275.879
1752700.478,407.715,736.816,-1.953,999.512,285.645
1752700.482,153.320,648.926,-7.812,596.680,296.875
1752700.486,-456.543,-847.656,-21.484,-943.359,-455.078
1752700.490,-275.391,-894.531,-15.137,-820.801,-540.527
1752700.493,383.789,525.391,2.441,827.637,384.277
1752700.497,327.637,274.902,-2.930,952.637,716.309
1752700.501,-380.371,-897.461,-18.555,-741.699,-200.684
1752700.505,-402.344,-966.797,-2.930,-1000.000,-771.484
1752700.508,297.363,-182.617,11.719,641.113,-97.168
1752700.512,426.758,143.066,2.930,999.512,571.289
1752700.516,-227.051,-153.320,-14.648,-499.512,53.223
1752700.520,-498.535,-967.773,-20.020,-1000.000,-641.602
1752700.523,70.801,-706.543,-0.977,276.367,-204.102
1752700.527,428.711,498.047,0.977,999.512,444.824
1752700.531,11.230,427.734,-21.484,110.352,97.656
1752700.534,-472.168,-847.656,-32.227,-1000.000,-647.949
1752700.541,-149.414,-1000.000,-23.438,-405.762,-300.781
1752700.544,385.254,202.637,-10.254,999.512,691.406
1752700.548,195.801,703.613,-9.766,737.793,683.105
1752700.552,-453.125,-661.133,-21.484,-870.605,-263.184
1752700.556,-321.777,-1000.000,-13.672,-910.156,-310.059
1752700.560,369.629,-360.352,2.441,774.414,629.883
1752700.563,358.887,842.773,4.883,994.629,748.047
1752700.567,-345.703,-155.762,-11.230,-693.359,-99.609
1752700.571,-441.895,-1000.000,-14.160,-1000.000,-382.812
1752700.575,239.258,139.648,2.930,571.289,157.715
1752700.579,437.012,999.512,6.836,999.512,420.898
1752700.582,-162.598,211.914,-7.324,-373.535,55.664
1752700.586,-490.723,-1000.000,-22.461,-1000.000,-533.691
1752700.590,15.137,-766.113,-6.836,96.680,-327.637
1752700.594,424.805,441.406,7.324,999.512,330.078
1752700.597,70.801,400.879,-5.371,304.688,327.637
1752700.601,-467.285,-916.992,-21.484,-1000.000,-123.535
1752700.605,-175.293,-934.082,-10.742,-591.797,-439.941
1752700.609,431.641,601.562,13.672,942.383,-10.742
1752700.613,255.371,795.410,12.207,848.145,415.039
1752700.630,-450.195,-793.945,-8.301,-812.012,-129.395
1752700.635,-387.695,-1000.000,-9.766,-976.074,-397.949
1752700.640,327.148,371.094,16.113,725.098,132.324
1752700.645,379.395,738.281,17.578,999.512,486.328
1752700.649,-326.660,-649.414,-8.301,-639.160,-86.914
1752700.654,-468.750,-1000.000,-13.184,-1000.000,-710.938
1752700.659,170.898,-440.918,5.371,490.723,-274.414
1752700.664,415.527,255.859,4.395,999.512,510.742
1752700.669,-118.652,-60.059,-21.973,-228.027,316.406
1752700.674,-500.977,-895.020,-26.855,-1000.000,-520.508
1752700.679,-42.969,-791.992,-10.254,-104.980,-469.238
1752700.684,415.527,60.059,6.836,999.512,343.750
1752700.688,117.676,509.277,6.836,491.699,544.434
1752700.693,-472.168,-590.332,-19.043,-993.164,-289.062
1752700.698,-247.559,-1000.000,-12.207,-746.094,-460.449
1752700.703,395.508,59.082,8.301,867.188,386.719
1752700.708,293.457,819.824,-2.930,921.387,498.047
1752700.713,-407.715,-462.891,-23.438,-766.602,-168.945
1752700.718,-390.137,-1000.000,-30.273,-1000.000,-388.672
1752700.722,323.242,-690.918,-5.371,678.711,286.133
1752700.689,418.457,608.887,7.324,999.512,499.512
1752700.693,-259.277,155.273,-19.531,-563.965,-149.902
1752700.696,-475.586,-1000.000,-25.879,-1000.000,-631.348
1752700.700,125.000,-345.215,2.441,370.605,-148.438
1752700.703,437.012,927.734,6.836,999.512,399.902
1752700.707,-23.926,246.582,-17.090,-18.066,75.684
1752700.711,-481.445,-1000.000,-29.297,-1000.000,-416.992
1752700.714,-109.863,-778.320,-12.695,-303.711,-104.004
1752700.718,402.832,767.578,-2.441,999.512,379.395
1752700.722,152.344,834.473,-15.137,652.344,494.629
1752700.725,-487.305,-822.754,-37.598,-916.504,-15.625
1752700.729,-332.031,-944.336,-24.902,-875.000,-151.367
1752700.732,330.078,697.266,6.348,794.434,424.805
1752700.736,306.641,999.512,3.906,971.680,564.941
1752700.740,-387.207,-583.496,-20.020,-726.074,-157.715
1752700.743,-453.613,-1000.000,-26.367,-1000.000,-567.383
1752700.747,228.516,170.410,-9.277,615.723,11.230
1752700.750,394.531,999.512,0.977,999.512,496.582
1752700.754,-218.750,-70.312,-12.695,-459.473,74.707
1752700.758,-499.512,-1000.000,-17.090,-1000.000,-537.109
1752700.779,31.738,-357.422,0.488,200.684,-244.629
1752700.783,392.090,497.559,12.695,999.512,463.867
1752700.787,18.555,-322.266,-0.977,182.129,347.168
1752700.791,-467.285,-1000.000,-17.578,-1000.000,-561.523
1752700.796,-171.387,-649.902,-8.301,-502.441,-438.965
1752700.800,375.488,622.559,5.859,983.398,592.285
1752700.804,202.637,248.047,2.441,780.273,765.137
1752700.808,-465.820,-868.652,-12.207,-852.539,-237.305
1752700.812,-363.770,-985.840,-5.371,-943.848,-550.293
1752700.816,349.121,-121.094,6.348,749.023,278.809
1752700.820,371.582,639.648,-1.953,999.512,722.656
1752700.825,-343.750,-121.094,-12.207,-676.270,3.906
1752700.829,-446.289,-1000.000,-12.695,-1000.000,-617.676
1752700.833,223.145,-569.336,-5.371,540.527,23.926
1752700.837,424.316,468.262,-8.301,999.512,500.488
1752700.841,-143.555,79.102,-13.672,-324.219,-68.359
1752700.845,-487.793,-925.293,-21.484,-1000.000,-591.309
1752700.849,5.371,-1000.000,-20.996,31.250,-110.352
1752700.854,434.570,-154.297,-6.836,999.512,587.402
1752700.858,93.750,673.340,-2.930,372.559,336.426
1752700.855,-479.492,-745.117,-17.578,-1000.000,-431.641
1752700.859,-224.121,-966.309,-17.578,-662.598,-374.512
1752700.863,396.973,601.074,1.953,912.109,151.855
1752700.867,263.184,957.031,5.859,874.023,272.461
1752700.871,-416.016,-517.578,-16.602,-792.480,-305.176
1752700.875,-331.543,-1000.000,-26.367,-891.602,-594.727
1752700.879,347.656,17.578,-2.930,742.676,179.199
1752700.883,399.414,925.293,6.836,999.512,595.703
1752700.887,-269.043,-208.984,-14.160,-604.492,-79.102
1752700.890,-438.965,-1000.000,-20.508,-1000.000,-283.691
1752700.894,169.922,-86.914,-4.883,444.336,140.137
1752700.898,436.035,999.512,0.977,999.512,492.188
1752700.902,-67.383,178.711,-14.160,-145.020,378.418
1752700.906,-488.770,-1000.000,-31.250,-1000.000,-199.707
1752700.910,-72.266,-638.672,-17.578,-183.594,-307.617
1752700.914,411.621,843.750,3.906,999.512,279.785
1752700.918,146.484,486.816,-7.812,556.641,425.293
1752700.922,-455.078,-984.375,-20.996,-962.891,-328.613
1752700.926,-258.789,-1000.000,-5.371,-793.457,-407.715
1752700.930,386.230,271.484,1.953,841.797,314.941
1752700.944,312.012,377.441,-4.395,939.941,610.352
1752700.948,-389.160,-902.344,-18.555,-750.977,-76.172
1752700.952,-411.133,-1000.000,-25.879,-1000.000,-690.918
1752700.955,285.645,72.754,-5.859,653.809,-57.129
1752700.959,416.504,568.848,-5.859,999.512,597.656
1752700.963,-233.398,-91.797,-26.367,-533.691,99.121
1752700.967,-485.352,-986.328,-28.809,-1000.000,-586.426
1752700.971,90.820,-666.504,-10.254,310.547,-104.004
1752700.975,427.734,436.035,-8.789,999.512,672.852
1752700.978,-20.508,226.074,-29.297,59.082,350.098
1752700.982,-486.816,-888.672,-38.086,-1000.000,-370.117
1752700.986,-130.371,-1000.000,-21.973,-385.254,-212.891
1752700.990,391.602,-106.934,-5.371,999.512,502.930
1752700.994,186.523,676.270,-10.254,702.148,351.074
1752700.998,-448.242,-616.211,-26.367,-893.066,-601.074
1752701.001,-312.988,-1000.000,-17.578,-896.484,-685.059
1752701.005,364.746,182.129,11.230,782.227,131.348
1752701.009,349.609,772.461,13.672,983.887,437.012
1752701.013,-367.676,-395.996,-14.648,-709.961,-104.492
1752701.017,-447.266,-1000.000,-16.602,-1000.000,-433.105
1752701.005,241.211,-32.715,-4.883,590.332,86.914
1752701.008,425.293,895.508,-13.184,999.512,541.016
1752701.011,-185.059,-14.648,-25.879,-411.133,103.027
1752701.015,-493.164,-1000.000,-24.414,-1000.000,-374.023
1752701.018,29.785,-786.133,-2.930,144.531,152.344
1752701.021,414.062,732.910,10.742,999.512,462.402
1752701.025,44.434,715.820,-2.930,258.301,158.691
1752701.028,-486.816,-894.043,-16.602,-1000.000,-466.797
1752701.032,-198.242,-880.859,-3.906,-558.105,-509.766
1752701.035,386.719,699.707,17.090,957.031,135.742
1752701.038,218.262,898.926,7.812,824.707,358.887
1752701.042,-446.289,-706.055,-20.020,-825.195,-222.168
1752701.045,-352.051,-1000.000,-9.766,-965.332,-450.684
1752701.049,338.379,112.305,0.000,737.793,116.211
1752701.052,365.234,557.129,-8.301,999.512,503.418
1752701.055,-321.777,-661.133,-26.367,-648.438,18.066
1752701.059,-441.406,-1000.000,-28.320,-995.605,-573.730
1752701.062,193.359,-217.285,-6.836,539.551,-145.996
1752701.066,434.570,775.391,-10.254,999.512,451.172
1752701.069,-115.234,46.387,-19.043,-247.559,160.156
1752701.081,-472.168,-1000.000,-16.602,-1000.000,-585.449
1752701.085,-27.832,-746.582,-10.254,-43.945,-373.535
1752701.088,410.156,266.602,-7.324,999.512,402.832
1752701.092,114.746,281.738,-18.066,442.871,431.641
1752701.096,-468.750,-816.406,-35.156,-1000.000,-467.285
1752701.100,-244.141,-965.332,-28.809,-720.215,-446.289
1752701.103,390.137,-167.480,-12.207,877.930,582.031
1752701.107,288.574,181.152,-20.996,904.785,768.555
1752701.111,-415.527,-521.484,-27.832,-778.320,-246.582
1752701.115,-395.020,-1000.000,-20.996,-1000.000,-719.238
1752701.119,310.547,-15.625,2.441,686.523,108.398
1752701.122,405.762,944.824,5.859,999.512,670.898
1752701.126,-259.766,-172.852,-11.230,-580.078,71.777
1752701.130,-469.238,-1000.000,-12.695,-1000.000,-565.918
1752701.134,146.484,-531.250,5.371,400.391,-26.855
1752701.137,441.406,867.676,10.742,999.512,497.070
1752701.141,-53.711,526.367,-19.043,-68.848,98.633
1752701.145,-483.887,-951.660,-31.250,-1000.000,-463.867
1752701.149,-83.008,-902.832,-4.395,-250.000,-188.965
1752701.153,421.875,638.184,20.996,999.512,350.098
1752701.169,173.340,923.828,2.930,619.629,322.754
1752701.173,-442.871,-724.121,-26.367,-931.152,-314.941
1752701.176,-273.438,-1000.000,-15.137,-847.168,-357.910
1752701.180,377.930,580.078,2.930,812.500,246.582
1752701.184,327.148,965.820,-12.207,959.961,478.516
1752701.188,-359.863,-574.707,-26.855,-736.328,-91.309
1752701.192,-397.949,-1000.000,-21.973,-1000.000,-450.195
1752701.196,272.461,-102.051,-7.324,628.418,75.195
1752701.199,412.109,894.531,-2.930,999.512,423.828
1752701.203,-205.566,-218.750,-14.160,-486.328,62.012
1752701.207,-468.262,-1000.000,-16.113,-1000.000,-416.504
1752701.211,71.289,-306.641,0.977,243.164,-206.543
1752701.215,429.688,928.711,-2.930,999.512,417.969
1752701.219,19.043,79.590,-20.020,152.344,268.555
1752701.222,-473.633,-1000.000,-23.438,-1000.000,-526.367
1752701.226,-145.020,-711.914,-5.859,-452.637,-455.566
1752701.230,405.762,708.496,14.160,999.512,359.375
1752701.234,214.844,838.379,4.883,759.277,477.051
1752701.238,-447.754,-696.289,-20.996,-867.188,-326.660
1752701.241,-329.102,-1000.000,-26.855,-924.805,-623.535
1752701.255,354.980,338.867,-13.184,756.836,169.434
1752701.258,320.801,747.070,-0.977,902.832,709.473
1752701.261,-360.840,-484.375,-10.254,-720.215,143.555
1752701.265,-442.871,-1000.000,-14.160,-1000.000,-560.547
1752701.268,221.680,-433.594,4.395,552.246,-132.812
1752701.272,422.363,240.234,4.883,999.512,634.766
1752701.275,-170.410,77.148,-15.137,-352.051,250.488
1752701.279,-509.277,-861.328,-21.973,-1000.000,-516.602
1752701.282,-9.766,-942.871,-13.184,52.734,-205.566
1752701.285,411.133,-461.914,-4.395,999.512,745.117
1752701.289,62.988,178.223,-7.324,332.520,404.785
1752701.292,-483.887,-719.238,-15.137,-1000.000,-518.066
1752701.296,-215.820,-1000.000,-5.859,-625.977,-506.348
1752701.299,396.973,171.387,17.090,924.805,158.203
1752701.303,264.648,540.039,13.184,862.793,331.055
1752701.306,-435.059,-649.902,-17.090,-804.688,-374.023
1752701.309,-377.930,-1000.000,-33.691,-982.910,-485.840
1752701.313,314.941,-164.551,-17.090,717.773,402.832
1752701.316,363.770,936.035,1.953,999.512,505.371
1752701.320,-305.664,-44.922,-10.742,-625.977,-166.016
1752701.318,-455.566,-1000.000,-18.555,-1000.000,-491.699
1752701.321,178.711,-154.785,6.836,470.215,-96.680
1752701.325,438.477,999.512,14.648,999.512,460.449
1752701.329,-94.238,408.691,-9.766,-187.500,259.277
1752701.332,-508.789,-966.797,-33.203,-1000.000,-495.605
1752701.336,-71.777,-867.188,-26.367,-88.867,-406.738
1752701.339,404.785,443.359,-5.859,999.512,391.113
1752701.343,116.699,513.672,-10.742,515.137,503.906
1752701.346,-478.027,-873.535,-31.738,-974.121,-125.000
1752701.350,-268.066,-989.258,-22.461,-775.879,-487.793
1752701.353,379.395,550.781,-7.324,851.562,40.039
1752701.357,304.688,873.047,-8.789,932.129,444.336
1752701.361,-392.090,-673.828,-19.531,-758.301,-125.000
1752701.364,-403.320,-1000.000,-19.043,-1000.000,-632.812
1752701.368,291.504,159.668,-3.906,665.527,-138.184
1752701.371,408.691,636.230,-18.066,999.512,498.047
1752701.375,-234.863,-713.379,-40.039,-541.992,239.746
1752701.378,-471.191,-1000.000,-28.809,-1000.000,-454.590
1752701.382,83.496,-464.844,-4.883,331.543,-206.543
1752701.385,421.387,149.902,3.418,999.512,533.691
1752701.396,-9.277,-225.098,-5.371,26.367,480.469
1752701.400,-489.258,-933.105,-26.367,-1000.000,-472.168
1752701.403,-125.977,-828.125,-16.113,-336.914,-537.109
1752701.407,395.020,424.805,9.766,999.512,234.863
1752701.411,170.410,815.918,0.000,676.758,297.363
1752701.415,-448.730,-619.141,-19.043,-903.320,-480.957
1752701.419,-300.293,-1000.000,-18.555,-881.836,-677.734
1752701.423,366.699,36.133,-5.859,791.504,164.551
1752701.426,334.473,839.844,-10.254,976.562,536.621
1752701.430,-366.211,-471.680,-33.203,-717.773,-183.105
1752701.434,-438.965,-1000.000,-33.691,-1000.000,-542.480
1752701.438,241.699,-823.242,-18.066,602.539,280.273
1752701.442,415.039,242.188,-4.883,999.512,610.840
1752701.445,-193.848,242.188,-9.277,-441.406,-5.371
1752701.449,-482.422,-1000.000,-20.996,-1000.000,-598.145
1752701.453,45.898,-455.566,-12.207,166.992,-321.289
1752701.457,419.434,942.871,-3.418,999.512,436.523
1752701.461,31.250,459.473,-18.555,213.867,272.949
1752701.465,-476.562,-976.562,-28.809,-1000.000,-456.543
1752701.468,-166.504,-844.727,-19.043,-526.367,-437.500
1752701.484,392.090,717.773,-1.953,969.238,240.723
1752701.490,196.289,743.652,-3.906,612.793,424.805
1752701.495,-444.824,-783.691,-25.391,-911.621,-43.457
1752701.501,-350.586,-1000.000,-27.344,-920.410,-250.000
1752701.507,331.543,381.836,7.324,727.051,104.980
1752701.513,366.211,999.512,16.602,999.512,556.152
1752701.519,-308.594,-515.137,-20.020,-663.086,5.371
1752701.525,-426.270,-1000.000,-30.762,-1000.000,-708.008
1752701.530,213.867,108.398,-7.812,520.508,-90.332
1752701.536,433.594,988.770,-1.465,999.512,473.145
1752701.542,-116.699,-59.082,-18.555,-283.691,44.434
1752701.548,-479.980,-1000.000,-30.762,-1000.000,-488.770
1752701.554,-23.926,-472.656,-18.555,-22.461,-284.180
1752701.560,418.457,591.797,-0.977,999.512,519.531
1752701.565,100.098,-155.762,-5.859,416.504,628.906
1752701.571,-473.633,-1000.000,-26.367,-1000.000,-470.215
1752701.577,-228.516,-835.449,-30.762,-695.312,-815.430
1752701.583,392.578,181.641,-18.555,891.113,191.895
1752701.589,262.695,328.125,-13.672,893.555,726.074
1752701.594,-432.617,-718.262,-29.297,-786.133,-118.652
1752701.557,-384.277,-1000.000,-29.785,-1000.000,-593.750
1752701.558,324.219,-195.312,-7.324,697.266,223.633
1752701.560,395.020,504.883,-7.324,999.512,700.684
1752701.562,-275.879,-86.914,-30.273,-598.145,-95.703
1752701.564,-456.543,-1000.000,-41.992,-1000.000,-768.555
1752701.565,145.508,-913.086,-34.180,417.969,-252.930
1752701.567,422.852,87.891,-26.855,999.512,419.922
1752701.569,-83.496,340.332,-38.086,-113.281,138.184
1752701.571,-506.348,-886.719,-42.480,-1000.000,-545.410
1752701.573,-94.727,-1000.000,-25.879,-214.355,-252.441
1752701.574,388.672,563.965,-6.348,999.512,521.484
1752701.576,138.184,953.613,-17.578,586.914,469.727
1752701.578,-461.914,-753.906,-39.062,-947.754,-208.984
1752701.580,-270.996,-1000.000,-34.180,-818.359,-254.883
1752701.581,384.277,628.418,-11.719,827.637,401.367
1752701.583,324.219,999.512,-3.418,952.637,571.289
1752701.585,-373.535,-467.773,-22.949,-742.676,-307.129
1752701.587,-408.203,-1000.000,-31.738,-1000.000,-785.156
1752701.589,273.438,-146.484,-17.090,645.020,-13.184
1752701.590,397.461,945.801,-14.648,999.512,533.691
1752701.633,-240.234,101.074,-25.391,-503.418,93.750
1752701.637,-487.305,-1000.000,-40.039,-1000.000,-386.230
1752701.641,80.078,-261.230,-24.902,293.457,-78.125
1752701.645,431.641,999.512,0.977,999.512,475.098
1752701.648,-17.090,285.156,-20.508,60.059,275.391
1752701.652,-500.000,-1000.000,-41.504,-1000.000,-405.762
1752701.656,-153.809,-799.316,-20.020,-377.441,-432.129
1752701.659,399.414,548.828,3.418,999.512,295.410
1752701.663,211.426,545.898,-3.906,762.695,627.930
1752701.667,-442.871,-894.531,-28.809,-854.980,122.559
1752701.670,-315.918,-1000.000,-19.043,-892.090,-255.371
1752701.674,368.164,473.633,-0.977,788.086,302.246
1752701.678,366.699,596.680,-5.371,999.512,667.969
1752701.682,-340.332,-894.043,-19.531,-680.664,-38.574
1752701.685,-435.547,-1000.000,-20.996,-1000.000,-699.707
1752701.689,238.770,92.773,1.465,588.379,-24.902
1752701.693,438.965,999.512,12.207,999.512,768.555
1752701.696,-141.113,379.883,-11.230,-335.938,355.957
1752701.700,-470.703,-917.480,-21.973,-1000.000,-344.727
1752701.704,38.574,-546.875,4.395,163.574,-106.934
1752701.709,449.707,797.363,8.301,999.512,540.527
1752701.713,68.359,535.156,-26.367,363.281,606.934
1752701.717,-483.398,-830.566,-39.062,-1000.000,-55.176
1752701.721,-199.219,-1000.000,-17.090,-541.016,-195.312
1752701.724,392.578,-438.477,5.859,976.074,752.441
1752701.728,241.211,468.750,2.441,860.840,890.137
1752701.732,-438.965,-367.188,-14.648,-793.457,-110.840
1752701.736,-361.328,-1000.000,-10.742,-953.613,-419.922
1752701.739,340.332,434.570,14.648,742.188,332.031
1752701.743,389.648,999.512,15.137,999.512,783.691
1752701.747,-302.246,-50.781,-12.695,-615.723,167.969
1752701.751,-451.172,-1000.000,-31.250,-1000.000,-332.520
1752701.754,192.871,-63.965,-12.207,517.578,275.391
1752701.758,440.918,999.512,1.953,999.512,776.855
1752701.762,-96.191,346.191,-22.461,-141.602,410.156
1752701.766,-486.816,-1000.000,-28.809,-1000.000,-86.426
1752701.769,-47.363,-575.195,-3.906,-11.230,174.316
1752701.773,409.180,919.434,9.766,999.512,680.176
1752701.777,128.906,866.211,0.488,563.477,536.621
1752701.781,-449.219,-774.902,-22.949,-940.918,-150.879
1752701.784,-245.117,-830.078,-22.949,-675.781,-224.609
1752701.788,396.484,786.133,0.488,916.992,479.004
1752701.792,312.500,979.980,1.953,930.664,795.410
1752701.796,-394.531,-519.531,-20.996,-745.117,152.832
1752701.799,-391.602,-1000.000,-22.949,-989.746,-248.535
1752701.803,313.477,241.211,-6.348,700.195,436.035
1752701.807,422.852,950.195,-0.977,999.512,999.512
1752701.811,-234.375,-526.367,-19.043,-519.043,676.270
1752701.814,-458.496,-1000.000,-18.066,-1000.000,-83.008
1752701.818,130.859,6.836,6.348,427.734,135.742
1752701.822,428.223,999.512,-0.977,999.512,888.672
1752701.826,-65.918,531.250,-20.996,21.973,673.340
1752701.830,-491.699,-879.883,-29.785,-1000.000,-142.578
1752701.833,-105.469,-744.629,-22.461,-187.988,81.543
1752701.837,403.320,650.879,-2.930,999.512,928.223
1752701.841,175.293,889.648,-5.859,718.750,949.219
1752701.845,-453.613,-454.102,-34.668,-862.305,76.660
1752701.848,-285.645,-980.469,-51.270,-814.941,-150.879
1752701.852,377.441,29.297,-29.785,843.750,729.980
1752701.856,323.730,764.160,-16.602,980.957,999.512
1752701.865,-373.535,-119.141,-23.926,-702.148,143.555
1752701.868,-424.316,-1000.000,-25.391,-1000.000,-276.855
1752701.871,258.301,-551.270,-21.484,640.137,482.910
1752701.873,416.016,586.914,-20.020,999.512,999.512
1752701.876,-207.520,435.059,-22.949,-395.996,426.270
1752701.879,-486.816,-956.543,-24.414,-1000.000,-218.750
1752701.882,60.059,-522.949,-11.230,292.480,-0.977
1752701.885,431.641,908.203,-2.441,999.512,747.070
1752701.888,30.762,736.328,-22.949,291.992,712.891
1752701.891,-467.773,-765.625,-44.434,-1000.000,89.355
1752701.894,-146.973,-1000.000,-27.344,-365.723,389.160
1752701.897,410.156,311.523,-3.906,999.512,976.074
1752701.899,227.539,999.512,2.930,825.195,946.777
1752701.902,-450.684,-510.254,-8.789,-807.617,126.465
1752701.905,-365.234,-1000.000,-21.973,-895.020,-245.117
1752701.908,315.918,599.609,-4.395,785.156,507.324
1752701.911,238.770,999.512,-4.395,829.102,857.422
1752701.914,-421.387,-376.953,-25.391,-718.750,452.637
1752701.917,-494.629,-1000.000,-22.949,-1000.000,212.402
1752701.920,128.418,267.578,-9.766,562.012,566.895
1752701.950,345.703,999.512,-9.766,999.512,932.129
1752701.954,-245.605,-87.891,-27.832,-302.734,689.453
1752701.958,-561.523,-1000.000,-37.109,-1000.000,172.363
1752701.962,-90.820,-470.215,-27.832,144.531,430.664
1752701.966,313.965,899.902,-15.625,999.512,987.793
1752701.971,2.441,392.578,-17.578,478.516,978.027
1752701.975,-552.734,-1000.000,-28.320,-983.887,202.637
1752701.979,-294.922,-744.629,-15.137,-598.633,-99.121
1752701.983,331.055,746.094,-4.395,958.496,750.000
1752701.987,197.754,999.512,-21.484,892.578,999.512
1752701.991,-494.141,-430.664,-36.133,-768.066,128.418
1752701.995,-436.035,-1000.000,-26.367,-986.816,-311.035
1752702.000,279.785,280.273,-0.977,719.727,401.855
1752702.004,359.375,823.730,0.977,999.512,834.961
1752702.008,-306.641,-371.582,-18.066,-600.586,367.188
1752702.012,-479.004,-1000.000,-21.973,-1000.000,-209.961
1752702.016,136.719,-356.934,-2.441,449.219,142.578
1752702.020,416.016,-237.305,-2.930,999.512,905.762
1752702.025,-104.004,-378.418,-25.391,-163.574,566.406
1752702.029,-534.668,-875.977,-25.879,-1000.000,-378.418
1752702.025,-116.211,-958.496,-18.555,-242.188,-263.184
1752702.029,369.629,193.359,-17.090,999.512,424.316
1752702.033,94.238,620.117,-18.066,497.070,394.531
1752702.037,-510.254,-701.660,-26.855,-999.512,-442.383
1752702.041,-300.781,-1000.000,-20.508,-855.957,-434.570
1752702.044,358.887,27.832,-8.301,797.363,536.133
1752702.048,272.461,609.863,-14.160,913.086,656.250
1752702.052,-430.176,-572.266,-33.691,-776.367,-231.445
1752702.056,-435.059,-1000.000,-34.180,-1000.000,-550.293
1752702.060,253.906,-152.344,-8.301,608.887,200.684
1752702.063,369.629,967.285,4.883,999.512,525.391
1752702.067,-260.742,32.715,-14.648,-581.543,-85.449
1752702.071,-494.629,-1000.000,-24.902,-1000.000,-759.766
1752702.075,81.055,-512.207,-7.324,118.652,-535.645
1752702.078,413.574,812.988,0.000,999.512,139.648
1752702.082,-30.273,398.926,-19.531,-143.555,-65.918
1752702.086,-508.789,-967.285,-35.645,-1000.000,-886.719
1752702.090,-159.668,-1000.000,-19.043,-573.242,-959.473
1752702.094,396.973,-16.602,5.859,905.273,-256.348
1752702.097,188.477,245.605,-2.441,556.152,40.039
1752702.121,-461.426,-846.680,-27.344,-999.023,-488.770
1752702.127,-327.637,-1000.000,-15.625,-937.988,-804.688
1752702.133,347.656,281.738,7.812,718.750,-241.211
1752702.139,336.914,696.777,11.719,942.871,33.691
1752702.145,-361.328,-661.621,-10.254,-745.605,-609.863
1752702.151,-447.754,-1000.000,-28.809,-1000.000,-1000.000
1752702.157,221.680,-67.871,-9.766,504.883,-499.512
1752702.163,412.109,440.918,-4.395,999.512,261.719
1752702.169,-190.918,-630.859,-28.320,-506.348,-87.891
1752702.175,-501.953,-1000.000,-38.086,-1000.000,-989.258
1752702.181,12.207,-698.242,-17.578,-93.750,-786.621
1752702.187,405.273,-161.133,0.488,999.512,-32.227
1752702.193,33.691,-287.598,-13.184,42.480,-223.145
1752702.199,-501.465,-892.090,-38.086,-1000.000,-964.355
1752702.205,-211.426,-995.605,-27.832,-711.426,-1000.000
1752702.211,383.301,-445.801,0.000,838.867,-220.215
1752702.217,227.539,96.191,0.488,728.027,-46.875
1752702.222,-452.637,-626.465,-21.973,-910.645,-806.152
1752702.228,-373.535,-1000.000,-28.809,-985.840,-1000.000
1752702.234,323.242,-254.395,-17.090,687.500,-465.332
1752702.174,360.840,646.973,-4.883,996.582,-88.379
1752702.177,-324.219,-488.281,-20.020,-688.965,-720.703
1752702.180,-453.125,-1000.000,-33.691,-1000.000,-1000.000
1752702.183,203.613,-918.945,-19.531,449.707,-268.555
1752702.186,427.246,71.289,-4.883,999.512,67.871
1752702.189,-136.230,103.516,-17.090,-329.590,-509.277
1752702.192,-505.859,-1000.000,-27.832,-1000.000,-987.305
1752702.195,-43.457,-800.293,-13.672,-160.645,-948.242
1752702.198,399.414,427.246,-5.371,999.512,-331.055
1752702.201,100.098,269.043,-10.254,407.227,-143.555
1752702.204,-467.773,-957.520,-28.320,-1000.000,-890.137
1752702.207,-244.629,-996.582,-22.949,-764.160,-1000.000
1752702.210,381.836,351.074,-4.883,843.750,-318.848
1752702.213,291.992,621.582,0.000,907.715,3.906
1752702.215,-393.066,-755.371,-15.625,-786.133,-494.629
1752702.218,-374.023,-1000.000,-20.508,-1000.000,-880.371
1752702.221,322.754,161.133,-0.488,677.246,-460.938
1752702.224,408.203,770.508,4.395,999.512,-33.691
1752702.227,-266.602,-543.945,-17.578,-583.496,-378.418
1752702.230,-482.422,-1000.000,-34.668,-1000.000,-875.488
1752702.264,118.652,-213.867,-22.949,390.625,-442.871
1752702.269,418.945,907.227,-13.672,999.512,263.184
1752702.274,-54.199,197.754,-22.461,-41.992,8.789
1752702.279,-476.074,-1000.000,-24.902,-1000.000,-727.539
1752702.284,-99.121,-705.566,-10.742,-258.301,-698.242
1752702.289,387.207,316.895,-3.418,999.512,146.973
1752702.293,150.391,-335.449,-13.184,644.043,407.227
1752702.298,-472.656,-1000.000,-20.508,-918.945,-502.930
1752702.303,-297.363,-879.395,-6.348,-839.844,-769.531
1752702.308,357.910,270.020,10.742,820.312,64.453
1752702.313,309.570,852.051,0.000,962.891,334.961
1752702.318,-390.137,-412.109,-16.113,-728.516,-260.254
1752702.322,-425.781,-1000.000,-11.719,-1000.000,-529.297
1752702.327,276.367,-365.723,-1.953,629.883,177.246
1752702.332,417.969,202.148,-8.789,999.512,748.047
1752702.337,-212.891,-23.926,-20.996,-489.258,81.543
1752702.342,-477.539,-953.125,-18.066,-1000.000,-699.707
1752702.347,71.289,-958.496,0.488,216.797,-283.203
1752702.351,423.828,102.539,9.766,999.512,494.141
1752702.356,11.719,503.906,-1.465,115.234,296.387
1752702.348,-479.004,-814.941,-21.973,-1000.000,-450.684
1752702.349,-168.945,-997.070,-28.320,-502.930,-458.008
1752702.351,374.023,629.883,-15.625,975.586,289.062
1752702.352,198.242,957.031,-15.625,737.305,343.750
1752702.353,-455.566,-666.016,-28.320,-881.348,-422.363
1752702.355,-333.496,-1000.000,-22.461,-946.777,-463.379
1752702.356,355.469,391.602,7.324,744.141,211.914
1752702.357,351.074,906.738,10.254,990.723,312.988
1752702.359,-349.121,-568.848,-17.090,-699.219,-350.586
1752702.360,-440.430,-1000.000,-17.578,-1000.000,-571.777
1752702.361,228.027,-345.703,12.207,531.250,-140.625
1752702.363,416.504,826.172,17.090,999.512,256.348
1752702.364,-162.109,120.605,-7.812,-388.672,-152.344
1752702.365,-496.094,-1000.000,-20.020,-1000.000,-796.387
1752702.367,-14.648,-675.781,-2.930,-26.367,-643.066
1752702.368,414.062,564.941,8.789,999.512,-17.090
1752702.369,81.543,381.348,-6.836,284.668,-2.930
1752702.371,-491.699,-993.652,-22.461,-1000.000,-664.062
1752702.372,-234.375,-892.578,-14.160,-688.477,-619.141
1752702.373,370.605,648.926,-1.465,881.836,132.812
1752702.430,232.910,641.602,-14.160,851.074,363.770
1752702.434,-442.383,-873.535,-35.156,-822.754,-513.672
1752702.438,-373.535,-1000.000,-24.414,-996.582,-936.035
1752702.442,334.961,-86.914,-0.977,699.219,-205.566
1752702.446,392.578,223.145,-3.418,999.512,394.531
1752702.450,-291.016,-724.121,-19.531,-634.277,-84.473
1752702.455,-453.613,-1000.000,-18.066,-1000.000,-833.008
1752702.459,168.457,-397.949,-2.441,430.664,-535.645
1752702.463,439.453,12.207,4.395,999.512,251.465
1752702.467,-82.031,-155.762,-10.254,-207.031,131.836
1752702.471,-493.164,-888.672,-22.461,-1000.000,-756.348
1752702.475,-60.547,-863.770,-7.324,-200.195,-553.711
1752702.479,421.875,310.059,2.930,999.512,213.379
1752702.483,141.113,292.480,-7.324,493.652,158.691
1752702.488,-467.285,-815.430,-24.902,-999.023,-575.684
1752702.492,-270.508,-1000.000,-26.855,-807.617,-718.262
1752702.496,376.953,-501.953,-5.859,826.172,94.238
1752702.500,279.297,468.750,4.883,928.711,347.168
1752702.504,-432.129,-537.109,-20.996,-768.066,-341.309
1752702.508,-415.527,-1000.000,-24.902,-1000.000,-636.230
1752702.489,281.738,-536.621,-2.930,652.344,197.266
1752702.492,389.160,544.922,1.953,999.512,542.969
1752702.495,-249.023,-21.484,-12.695,-558.105,-166.016
1752702.497,-473.145,-1000.000,-23.438,-1000.000,-713.867
1752702.500,100.098,-509.277,-6.348,300.293,-416.504
1752702.503,421.875,564.453,4.395,999.512,187.012
1752702.506,-35.645,68.848,-12.207,-10.254,-14.160
1752702.508,-498.047,-1000.000,-32.715,-1000.000,-734.375
1752702.511,-132.324,-820.801,-34.180,-394.531,-662.109
1752702.514,388.184,680.176,-14.160,999.512,26.855
1752702.516,164.551,875.488,-15.625,668.945,169.434
1752702.519,-475.586,-725.586,-34.668,-917.969,-620.117
1752702.522,-312.012,-1000.000,-22.949,-895.996,-797.363
1752702.524,373.535,276.367,-5.371,777.344,57.617
1752702.527,337.402,875.000,-11.230,977.539,387.695
1752702.530,-362.793,-615.234,-27.344,-718.750,-345.703
1752702.532,-441.895,-1000.000,-34.668,-1000.000,-927.246
1752702.535,230.957,-118.164,-21.973,590.820,-208.496
1752702.538,407.715,516.602,-9.277,999.512,408.203
1752702.540,-198.730,-608.398,-25.391,-434.082,26.855
1752702.566,-497.559,-1000.000,-29.785,-1000.000,-653.809
1752702.570,28.320,-429.199,-13.184,161.621,-449.707
1752702.574,411.621,656.738,-2.930,999.512,205.078
1752702.578,29.785,460.449,-6.836,234.863,127.441
1752702.581,-466.309,-875.000,-24.902,-1000.000,-584.473
1752702.585,-183.594,-958.496,-24.414,-524.414,-598.145
1752702.589,374.512,92.285,-5.859,962.891,197.754
1752702.593,211.426,166.016,-2.930,819.824,415.527
1752702.597,-462.891,-847.656,-22.461,-830.078,-338.867
1752702.601,-369.629,-984.375,-27.344,-955.566,-727.539
1752702.605,338.867,-394.531,-13.184,739.746,149.414
1752702.608,370.605,-470.703,-12.695,999.512,734.375
1752702.612,-327.148,-710.449,-21.973,-654.785,-190.430
1752702.616,-451.660,-1000.000,-26.367,-1000.000,-830.078
1752702.620,202.148,-476.074,-19.531,528.320,-272.949
1752702.624,441.895,903.320,-4.395,999.512,328.125
1752702.628,-104.980,396.484,-3.906,-245.117,-21.484
1752702.632,-482.910,-1000.000,-16.602,-1000.000,-718.750
1752702.635,-28.809,-605.957,-13.672,2.930,-367.676
1752702.639,406.738,905.762,0.000,999.512,481.934
1752702.654,94.238,802.734,-0.977,468.750,451.172
1752702.658,-466.797,-786.621,-11.230,-995.117,-244.629
1752702.663,-222.168,-1000.000,-12.695,-655.273,-93.262
1752702.667,400.391,430.664,7.812,919.434,715.820
1752702.671,295.898,999.512,8.301,907.227,666.504
1752702.675,-388.184,-497.559,-17.578,-770.996,-159.668
1752702.679,-386.719,-1000.000,-20.508,-990.234,-354.492
1752702.683,292.969,335.449,-4.883,700.684,166.504
1752702.687,380.859,999.512,-1.465,959.473,428.711
1752702.691,-291.016,-251.953,-21.484,-612.305,93.262
1752702.695,-482.422,-1000.000,-28.320,-1000.000,-330.078
1752702.699,127.441,-93.262,-8.789,419.922,-69.824
1752702.704,421.875,999.512,-0.977,999.512,501.953
1752702.708,-68.359,133.789,-18.555,-47.363,286.133
1752702.712,-496.094,-1000.000,-25.879,-1000.000,-523.926
1752702.716,-97.168,-665.039,-17.090,-204.590,-449.219
1752702.720,396.973,800.781,-16.113,999.512,237.305
1752702.724,156.250,377.441,-22.949,642.578,490.234
1752702.728,-465.820,-1000.000,-25.391,-914.551,-165.039
1752702.732,-292.480,-834.473,-18.066,-813.477,-451.172
1752702.745,375.000,548.828,0.000,839.355,240.234
1752702.750,323.242,939.941,12.695,958.984,629.395
1752702.755,-387.207,-334.473,-13.184,-731.934,-4.883
1752702.760,-424.805,-1000.000,-24.414,-1000.000,-552.734
1752702.765,286.133,81.055,8.301,647.949,15.625
1752702.770,432.129,758.789,20.020,999.512,566.895
1752702.775,-210.938,-339.355,-11.230,-479.004,58.105
1752702.780,-478.516,-1000.000,-24.414,-1000.000,-679.199
1752702.785,78.125,-520.020,-15.137,291.992,-200.195
1752702.790,435.547,237.793,-6.348,999.512,749.512
1752702.795,7.812,505.371,-3.418,157.227,512.207
1752702.800,-476.074,-714.355,-11.719,-1000.000,-448.242
1752702.805,-136.719,-1000.000,-3.418,-396.973,-335.938
1752702.810,399.902,30.273,6.836,999.512,658.691
1752702.815,199.707,610.840,-6.348,770.020,694.336
1752702.820,-448.242,-558.105,-25.879,-848.633,-116.211
1752702.825,-317.383,-1000.000,-22.949,-904.297,-232.910
1752702.830,350.098,-61.523,0.488,783.203,493.164
1752702.835,338.379,912.109,1.953,999.512,809.082
1752702.840,-358.398,-168.945,-24.414,-684.082,93.750
1752702.815,-433.594,-1000.000,-29.297,-1000.000,-227.539
1752702.820,239.258,-195.801,-11.719,582.031,339.844
1752702.825,433.105,999.512,0.000,999.512,617.676
1752702.829,-154.785,163.574,-16.113,-343.262,226.562
1752702.834,-497.070,-1000.000,-32.227,-1000.000,-434.570
1752702.839,-1.953,-424.805,-14.648,111.328,-231.445
1752702.844,411.133,958.008,3.418,999.512,429.199
1752702.848,73.730,664.551,-8.789,338.867,357.910
1752702.853,-470.703,-848.145,-28.320,-1000.000,-221.680
1752702.858,-201.660,-1000.000,-21.973,-584.473,-248.047
1752702.863,394.043,401.367,-2.930,951.660,398.438
1752702.867,249.512,781.738,-8.301,858.887,511.230
1752702.872,-428.711,-730.957,-22.949,-800.781,-69.824
1752702.877,-368.652,-1000.000,-4.395,-977.051,-310.059
1752702.882,337.891,550.293,16.602,723.633,218.262
1752702.886,394.531,933.594,1.953,999.512,507.812
1752702.891,-300.293,-662.109,-26.367,-625.488,0.000
1752702.896,-463.867,-1000.000,-37.109,-1000.000,-629.395
1752702.901,173.828,36.621,-18.066,488.770,-52.246
1752702.905,423.340,904.785,-11.230,999.512,663.086
1752702.878,-107.422,25.879,-26.367,-178.711,343.262
1752702.881,-481.934,-1000.000,-32.227,-1000.000,-469.238
1752702.885,-44.922,-666.016,-17.090,-93.750,-448.730
1752702.888,407.227,145.020,-7.324,999.512,524.414
1752702.891,114.746,-478.516,-15.625,528.320,697.266
1752702.895,-485.352,-1000.000,-28.320,-973.145,-268.066
1752702.898,-262.695,-839.844,-19.043,-746.582,-418.457
1752702.901,372.559,284.180,3.906,873.047,258.789
1752702.905,281.738,958.008,-3.418,926.758,460.449
1752702.908,-413.086,-293.457,-17.090,-758.789,-155.762
1752702.911,-400.879,-1000.000,-10.254,-1000.000,-330.566
1752702.915,305.176,75.195,-3.418,676.758,316.406
1752702.918,404.297,997.559,-5.371,999.512,590.332
1752702.921,-255.371,-185.547,-23.438,-558.105,-16.113
1752702.925,-469.238,-1000.000,-34.180,-1000.000,-488.281
1752702.928,121.094,-841.309,-10.742,365.723,169.434
1752702.931,419.922,599.609,7.812,999.512,644.531
1752702.935,-46.387,587.891,-10.742,-14.648,140.625
1752702.938,-489.258,-986.328,-38.086,-1000.000,-564.941
1752702.941,-121.094,-798.828,-32.715,-331.543,-590.332
1752702.956,385.742,773.926,-8.789,999.512,243.164
1752702.960,161.621,827.148,-2.930,660.156,605.957
1752702.964,-467.285,-797.363,-21.484,-915.527,-255.859
1752702.968,-317.871,-1000.000,-34.180,-881.348,-635.254
1752702.972,343.262,583.496,-17.090,791.504,230.957
1752702.976,308.594,999.512,-7.812,970.215,657.715
1752702.980,-384.766,-561.523,-24.414,-725.098,70.312
1752702.984,-437.012,-1000.000,-32.715,-1000.000,-167.480
1752702.988,236.816,262.207,-13.184,604.004,255.859
1752702.992,405.762,999.512,4.883,999.512,613.770
1752702.996,-204.102,-150.391,-8.301,-471.680,82.520
1752702.999,-493.164,-1000.000,-22.949,-1000.000,-586.426
1752703.003,47.852,-270.508,-1.953,208.496,-187.500
1752703.007,411.133,687.012,18.066,999.512,410.156
1752703.011,20.996,-83.984,0.977,178.711,178.711
1752703.015,-489.258,-1000.000,-19.043,-1000.000,-584.473
1752703.019,-183.594,-748.047,-8.789,-521.973,-558.105
1752703.023,389.160,364.746,1.465,972.656,348.633
1752703.027,209.961,104.980,-12.695,783.203,687.500
1752703.031,-458.984,-966.309,-29.785,-853.516,-260.254
1752703.044,-341.309,-900.879,-21.973,-950.684,-595.703
1752703.048,375.488,226.562,5.371,742.676,139.648
1752703.052,384.766,747.559,13.184,999.512,523.926
1752703.056,-335.938,-247.559,-8.301,-673.340,-124.512
1752703.059,-457.520,-1000.000,-23.438,-1000.000,-636.230
1752703.063,202.148,-478.516,-4.883,531.250,-12.695
1752703.067,419.922,477.051,13.672,999.512,630.371
1752703.071,-142.090,254.395,-8.789,-313.477,102.051
1752703.075,-480.957,-926.758,-24.902,-1000.000,-636.719
1752703.079,-14.648,-1000.000,-11.719,3.418,-139.648
1752703.083,393.555,139.160,-0.488,999.512,742.676
1752703.087,67.871,719.727,-2.441,397.461,486.328
1752703.091,-482.910,-711.914,-17.578,-1000.000,-406.250
1752703.095,-226.074,-1000.000,-18.555,-669.434,-296.875
1752703.099,372.559,395.996,-0.488,906.738,556.152
1752703.103,243.652,999.512,-5.859,886.230,539.062
1752703.107,-437.500,-474.609,-30.762,-789.551,-251.953
1752703.111,-384.766,-1000.000,-22.949,-994.141,-528.809
1752703.114,327.148,305.176,14.160,706.055,75.195
1752703.118,393.555,999.512,5.859,999.512,443.359
1752703.118,-281.250,-94.238,-24.414,-606.445,-29.785
1752703.122,-449.219,-1000.000,-21.484,-1000.000,-361.816
1752703.126,157.715,-438.477,-2.441,437.988,45.410
1752703.130,422.363,709.961,6.836,999.512,550.781
1752703.133,-80.566,237.793,-0.488,-126.953,283.691
1752703.137,-499.512,-1000.000,-17.578,-1000.000,-294.434
1752703.141,-83.496,-615.234,-13.184,-199.707,-160.156
1752703.145,407.227,874.023,11.719,999.512,321.289
1752703.148,109.863,603.516,1.953,472.656,408.691
1752703.152,-473.145,-926.758,-20.996,-991.211,-243.652
1752703.156,-261.230,-943.359,-0.977,-799.316,-507.812
1752703.160,376.465,682.617,8.789,822.266,224.121
1752703.163,314.453,841.309,-6.836,948.242,607.910
1752703.167,-385.742,-771.484,-24.414,-747.559,-26.855
1752703.171,-409.180,-1000.000,-30.273,-1000.000,-576.660
1752703.175,280.273,270.996,-6.348,645.508,-22.461
1752703.178,414.062,619.141,9.277,999.512,649.414
1752703.182,-234.863,-749.023,-13.184,-529.297,257.324
1752703.186,-487.793,-1000.000,-26.367,-1000.000,-597.168
1752703.190,92.773,-398.438,-5.859,289.551,-337.402
1752703.195,440.430,437.500,14.160,999.512,535.156
1752703.198,-7.812,369.141,0.488,71.289,242.188
1752703.202,-496.582,-826.172,-22.949,-1000.000,-543.945
1752703.206,-148.438,-870.117,-15.137,-400.879,-318.359
1752703.210,394.531,441.406,6.836,999.512,262.695
1752703.214,189.453,556.152,10.254,714.844,355.957
1752703.218,-458.008,-732.422,-15.137,-887.207,-418.945
1752703.221,-312.988,-1000.000,-23.438,-906.738,-620.605
1752703.225,369.629,-621.094,-5.859,774.414,384.766
1752703.229,328.125,643.066,2.930,991.211,731.934
1752703.233,-375.977,15.625,-12.695,-704.590,76.172
1752703.237,-433.594,-1000.000,-13.184,-1000.000,-499.023
1752703.241,244.141,-62.012,14.648,588.867,-28.320
1752703.244,416.992,911.621,11.719,999.512,653.320
1752703.248,-191.895,35.645,-16.602,-396.484,268.066
1752703.252,-491.699,-1000.000,-25.391,-1000.000,-336.426
1752703.256,27.832,-730.469,-7.812,161.133,-13.672
1752703.260,372.070,653.809,4.395,999.512,592.285
1752703.263,19.043,637.207,-10.742,251.953,499.023
1752703.267,-469.727,-899.902,-32.715,-1000.000,-198.730
1752703.271,-186.523,-845.703,-27.832,-561.523,-237.305
1752703.275,376.953,765.137,-17.578,966.309,261.230
1752703.278,232.910,960.938,-16.113,841.309,408.203
1752703.282,-425.293,-661.133,-26.855,-812.988,-258.789
1752703.286,-355.469,-1000.000,-24.414,-963.379,-657.715
1752703.290,337.402,412.109,0.488,735.352,21.484
1752703.294,386.719,999.512,6.348,999.512,556.152
1752703.298,-295.898,-456.055,-18.066,-640.137,-58.105
1752703.301,-444.336,-1000.000,-28.320,-1000.000,-438.477
1752703.305,190.430,-113.770,-8.789,510.254,254.395
1752703.309,439.453,880.859,3.418,999.512,902.832
1752703.313,-87.891,-308.594,-11.719,-192.383,719.727
1752703.317,-478.516,-1000.000,-22.461,-1000.000,41.016
1752703.321,-40.527,-366.699,-14.648,-36.133,-60.547
1752703.324,393.066,876.953,-2.930,999.512,500.000
1752703.328,90.332,789.551,-7.812,491.211,396.484
1752703.332,-435.547,-759.277,-21.484,-974.121,-446.777
1752703.336,-223.633,-998.535,-19.043,-690.430,-458.496
1752703.340,369.141,268.555,-1.953,896.484,436.523
1752703.343,289.062,688.965,-3.906,918.457,741.699
1752703.360,-410.156,-475.098,-29.297,-763.672,-186.035
1752703.364,-405.273,-1000.000,-33.691,-1000.000,-586.426
1752703.368,303.223,-347.168,-14.160,697.266,278.809
1752703.372,404.297,380.371,-9.277,999.512,801.758
1752703.376,-270.020,61.035,-30.273,-567.871,224.609
1752703.380,-475.586,-985.840,-41.504,-1000.000,-393.555
1752703.384,128.418,-943.848,-24.902,412.598,-12.207
1752703.388,410.645,484.375,-7.812,999.512,586.914
1752703.392,-62.012,665.039,-8.301,-14.648,320.801
1752703.396,-479.004,-918.945,-27.832,-1000.000,-322.754
1752703.401,-97.656,-740.234,-16.113,-232.422,-178.711
1752703.405,394.531,863.770,7.812,999.512,546.387
1752703.409,155.273,908.691,0.000,646.973,580.078
1752703.413,-452.148,-718.262,-30.273,-913.086,-128.418
1752703.417,-292.969,-1000.000,-37.109,-832.031,-229.492
1752703.421,360.352,485.840,-2.930,826.172,393.066
1752703.425,319.336,999.512,9.766,963.379,562.500
1752703.429,-378.418,-472.168,-13.672,-728.516,-191.406
1752703.433,-422.363,-1000.000,-13.184,-1000.000,-409.180
1752703.437,258.301,205.078,6.348,632.324,161.133
1752703.434,418.457,999.512,13.672,999.512,524.902
1752703.438,-213.867,-150.391,-10.742,-468.262,125.000
1752703.441,-493.652,-1000.000,-28.809,-1000.000,-318.359
1752703.445,54.688,-253.418,-15.625,262.695,-1.465
1752703.449,398.438,999.512,-10.254,999.512,595.703
1752703.453,-1.953,337.402,-20.020,176.758,644.531
1752703.456,-476.562,-1000.000,-29.297,-1000.000,-62.012
1752703.460,-155.273,-776.855,-9.766,-440.430,-331.055
1752703.464,399.902,790.039,8.301,999.512,460.449
1752703.468,219.727,528.809,-8.789,776.367,565.918
1752703.472,-446.777,-960.449,-30.273,-848.145,-333.984
1752703.475,-339.355,-957.520,-31.250,-927.734,-562.988
1752703.479,349.121,416.504,-12.695,765.137,253.906
1752703.483,355.469,833.496,-13.184,999.512,769.043
1752703.487,-347.168,-359.375,-26.855,-687.012,49.316
1752703.490,-433.105,-988.770,-14.160,-1000.000,-338.867
1752703.494,234.375,-35.645,0.000,562.500,158.691
1752703.498,405.273,687.012,0.000,999.512,703.125
1752703.502,-152.832,14.648,-22.949,-360.840,508.789
1752703.506,-480.957,-955.078,-33.203,-1000.000,-352.051
1752703.509,-0.488,-645.508,-9.766,70.801,-126.465
1752703.513,423.340,-23.926,-5.371,999.512,869.141
1752703.517,66.406,349.121,-21.973,350.098,650.391
1752703.520,-494.629,-681.152,-38.574,-1000.000,-379.883
1752703.524,-227.051,-1000.000,-31.250,-628.418,-407.715
1752703.528,374.023,257.812,-12.207,926.758,372.070
1752703.531,237.793,854.980,-13.184,866.699,530.273
1752703.535,-445.312,-489.258,-24.414,-802.246,-344.727
1752703.539,-375.000,-1000.000,-21.484,-980.469,-477.051
1752703.542,336.426,-712.891,-2.441,720.703,690.430
1752703.546,379.883,425.781,3.906,999.512,935.547
1752703.550,-312.500,13.672,-19.531,-623.047,91.797
1752703.553,-467.285,-1000.000,-28.809,-1000.000,-418.945
1752703.557,160.156,-67.383,-15.625,468.262,125.000
1752703.560,416.016,999.512,-15.625,999.512,574.707
1752703.564,-88.867,374.512,-21.973,-177.734,74.219
1752703.568,-468.750,-986.328,-23.926,-1000.000,-527.832
1752703.571,-49.316,-659.668,-8.789,-144.043,-263.184
1752703.575,398.438,860.352,1.953,999.512,359.375
1752703.579,111.328,743.652,-9.766,514.648,287.598
1752703.590,-463.379,-800.781,-26.855,-979.004,-417.969
1752703.595,-223.633,-1000.000,-25.879,-673.828,-481.934
1752703.599,392.090,146.973,-10.254,886.230,267.090
1752703.604,298.828,629.395,-4.395,916.016,571.289
1752703.608,-396.484,-724.121,-20.508,-750.488,94.238
1752703.613,-405.762,-1000.000,-16.113,-1000.000,-270.996
1752703.617,296.875,323.242,3.906,666.016,148.438
1752703.622,409.668,999.512,-4.883,999.512,520.996
1752703.627,-237.793,-116.699,-23.926,-549.316,24.902
1752703.631,-456.543,-1000.000,-25.391,-1000.000,-591.797
1752703.636,107.422,-281.738,-8.789,330.078,-240.234
1752703.640,413.574,784.668,2.441,999.512,570.312
1752703.645,-41.504,144.531,-8.789,6.836,558.594
1752703.649,-500.977,-949.707,-25.391,-1000.000,-296.387
1752703.654,-137.207,-846.191,-18.555,-351.562,-323.242
1752703.659,386.230,75.195,-5.371,999.512,458.984
1752703.663,176.758,253.418,0.977,675.781,431.152
1752703.668,-462.402,-710.449,-12.695,-907.227,-460.938
1752703.672,-314.453,-1000.000,-16.113,-887.695,-524.902
1752703.677,365.234,-335.449,7.324,787.109,329.590
1752703.659,328.613,592.285,15.137,974.121,620.117
1752703.662,-369.141,-172.852,-6.348,-721.191,-192.383
1752703.665,-411.621,-1000.000,-17.578,-1000.000,-666.992
1752703.667,268.066,-307.617,-12.207,599.609,-59.082
1752703.670,425.293,877.930,-3.906,999.512,411.621
1752703.672,-198.242,-17.090,-12.695,-459.961,73.730
1752703.675,-481.934,-1000.000,-16.602,-1000.000,-409.668
1752703.678,50.781,-952.148,-2.441,163.574,26.367
1752703.680,419.922,496.094,9.766,999.512,643.066
1752703.683,40.039,781.250,1.953,204.102,389.160
1752703.686,-466.309,-867.188,-25.391,-1000.000,-461.914
1752703.688,-169.922,-875.977,-21.484,-533.203,-475.586
1752703.691,380.371,667.969,3.418,966.309,321.289
1752703.693,220.703,802.734,4.883,798.828,519.531
1752703.696,-433.105,-730.957,-24.414,-848.633,-48.340
1752703.699,-339.844,-1000.000,-23.438,-947.266,-199.707
1752703.701,346.680,380.859,2.441,739.258,220.703
1752703.704,331.055,870.117,5.371,915.039,419.434
1752703.707,-337.402,-544.922,-11.719,-700.684,-20.020
1752703.709,-444.336,-1000.000,-11.719,-1000.000,-317.871
1752703.735,186.035,25.879,4.395,517.578,-22.461
1752703.739,417.480,999.512,9.766,999.512,446.289
1752703.743,-141.602,121.582,-2.930,-285.156,255.371
1752703.747,-510.254,-1000.000,-20.996,-1000.000,-531.738
1752703.751,-40.039,-466.797,-5.859,-13.672,-306.152
1752703.754,400.879,885.742,14.648,999.512,528.320
1752703.758,80.078,544.922,-2.441,412.109,414.551
1752703.762,-478.027,-885.254,-39.062,-1000.000,-442.871
1752703.766,-220.215,-972.656,-30.273,-671.875,-407.715
1752703.769,387.207,187.500,2.930,903.320,348.633
1752703.773,259.766,-116.699,-11.719,896.484,781.738
1752703.777,-423.340,-1000.000,-33.691,-780.273,33.203
1752703.781,-390.625,-981.934,-30.273,-997.070,-696.289
1752703.785,310.547,129.883,-10.254,702.637,-4.883
1752703.788,389.648,969.727,-2.930,999.512,531.738
1752703.792,-278.809,-88.379,-31.250,-595.703,-104.980
1752703.796,-460.938,-1000.000,-39.062,-1000.000,-801.270
1752703.800,142.578,-694.336,-16.602,429.688,-189.453
1752703.803,407.715,273.926,-13.184,999.512,572.754
1752703.807,-81.543,337.891,-23.926,-95.215,145.996
1752703.825,-484.375,-891.602,-30.273,-1000.000,-585.449
1752703.829,-81.543,-1000.000,-31.738,-199.219,-333.008
1752703.833,381.836,206.055,-16.113,999.512,555.176
1752703.837,120.117,567.383,-8.789,598.145,591.309
1752703.841,-490.234,-749.512,-19.043,-939.941,-238.281
1752703.845,-306.152,-1000.000,-22.461,-798.828,-259.277
1752703.849,358.398,-20.020,-10.254,844.238,540.527
1752703.853,295.410,935.059,-8.789,946.289,550.781
1752703.857,-398.926,-317.383,-28.320,-744.141,-119.141
1752703.862,-413.574,-1000.000,-26.855,-1000.000,-342.773
1752703.866,270.020,186.035,1.465,649.902,124.023
1752703.870,390.625,999.512,0.488,999.512,473.145
1752703.874,-261.230,52.734,-17.578,-516.113,133.789
1752703.878,-501.465,-1000.000,-18.555,-1000.000,-279.785
1752703.882,77.148,-564.941,-4.883,298.340,83.008
1752703.886,398.926,693.359,0.000,999.512,500.488
1752703.890,-27.344,442.383,-21.484,95.703,229.004
1752703.894,-471.191,-969.727,-40.527,-1000.000,-378.418
1752703.898,-138.672,-932.129,-33.691,-400.879,-425.293
1752703.903,377.930,631.348,-11.719,999.512,267.090
1752703.914,186.523,714.844,-5.371,727.051,409.180
1752703.919,-456.055,-868.164,-25.391,-876.465,-230.957
1752703.924,-334.473,-1000.000,-31.250,-912.109,-533.203
1752703.929,350.586,521.484,-14.648,772.461,175.781
1752703.934,337.891,886.719,-16.113,991.211,673.340
1752703.939,-354.980,-716.797,-35.156,-701.172,62.012
1752703.944,-426.758,-1000.000,-30.273,-1000.000,-451.172
1752703.949,231.445,54.688,-11.719,576.172,-40.527
1752703.954,411.133,593.750,-3.418,999.512,561.035
1752703.959,-170.410,-293.945,-16.113,-390.625,297.852
1752703.964,-486.816,-1000.000,-26.367,-1000.000,-476.562
1752703.969,23.438,-529.297,0.488,123.535,-253.418
1752703.974,415.527,345.703,16.602,999.512,537.109
1752703.979,45.898,264.160,1.465,284.180,460.938
1752703.984,-487.305,-832.520,-18.066,-1000.000,-261.230
1752703.989,-191.406,-941.406,-11.719,-561.523,-218.750
1752703.994,390.137,126.465,6.836,955.566,555.664
1752703.999,189.941,397.949,3.418,645.508,536.621
1752704.003,-456.543,-698.242,-12.207,-890.137,-353.516
1752704.008,-369.141,-1000.000,-12.207,-937.988,-499.512
1752703.975,329.102,-610.840,3.418,714.844,486.328
1752703.979,373.047,639.648,10.254,999.512,762.695
1752703.982,-329.102,-8.301,-2.930,-644.043,-50.781
1752703.986,-456.543,-1000.000,-7.324,-1000.000,-495.117
1752703.990,183.594,-227.539,11.230,497.070,-50.293
1752703.994,415.039,778.809,14.648,999.512,478.516
1752703.997,-109.863,232.910,1.465,-239.746,42.969
1752704.001,-463.867,-982.910,-15.625,-1000.000,-602.051
1752704.005,-22.461,-826.660,-13.184,-83.008,-299.316
1752704.009,414.551,532.715,3.906,999.512,489.746
1752704.012,129.395,595.215,0.000,470.215,477.539
1752704.016,-446.777,-867.188,-30.762,-1000.000,-340.820
1752704.020,-232.910,-1000.000,-17.578,-737.793,-225.098
1752704.024,366.211,606.445,11.719,870.117,481.934
1752704.028,265.625,999.512,4.395,904.785,428.711
1752704.031,-411.621,-628.906,-17.578,-777.344,-371.094
1752704.035,-403.809,-1000.000,-23.438,-1000.000,-640.625
1752704.039,280.273,235.840,-5.371,675.781,-67.383
1752704.043,373.535,973.145,0.488,999.512,355.957
1752704.046,-273.926,-270.996,-22.461,-582.031,3.906
1752704.050,-479.492,-1000.000,-26.855,-1000.000,-567.871
1752704.053,111.816,-559.082,-1.465,338.379,-304.199
1752704.057,400.391,300.781,5.371,999.512,371.582
1752704.061,-52.734,-397.461,-14.160,-81.543,638.672
1752704.064,-493.164,-1000.000,-27.344,-1000.000,-72.754
1752704.068,-123.047,-631.836,-14.648,-333.496,-424.805
1752704.072,388.672,675.293,7.324,999.512,322.266
1752704.075,158.203,823.242,6.348,611.816,524.414
